v1,v2
rechts,boven
rust,rust
links,boven
rust,rust
rechts,boven
onder,onder
onder,rust
rechts,boven
rust,rust
links,rechts
rust,rechts
rechts,boven
rust,rust
links,boven
links,rechts
boven,links
rust,links
boven,onder
links,onder
boven,rust
boven,links
links,boven
boven,rust
rechts,links
links,boven
links,boven
links,boven
rechts,rust
onder,rechts
onder,rechts
onder,rechts
links,onder
links,rust
rust,rechts
onder,onder
links,rechts
boven,links
onder,onder
boven,links
rust,onder
boven,rechts
onder,boven
links,onder
boven,rust
rechts,rechts
onder,rechts
rust,onder
rechts,boven
boven,rust
links,rust
rechts,rust
rust,rechts
links,boven
onder,boven
boven,links
rust,boven
boven ,links
boven ,links
onder,rechts
boven,onder
rechts,rechts
rechts,rust
boven ,links
rust,rechts
rechts,onder
onder,rust
onder,links
links,boven
onder,rechts
rust,onder
rechts,rechts
rust,onder
rechts,links
rechts,rust
rust,links
links,onder
onder,rust
rechts,boven
onder,rust
boven,boven
onder,links
links,links
onder,rechts
rust,links
rechts,onder
rechts,onder
onder,links
boven ,links
links,rust
boven ,onder
rust,rust
rechts,onder
rust,links
rechts,onder
rust,rechts
boven,onder
boven,boven
onder ,rechts
rust ,links
links,boven
